ID,users_IDs,MF,FD,OIR,RA
cb8c74a9,b6bce50e:63a99fa6,438,1334,1.3133313662515471,0.7891934952397042
af901e65,b6bce50e:5380fb81,102,1161,2.761936448702915,0.6395788216036735
13e7e933,5380fb81:63a99fa6,75,1895,2.666230423428009,0.9693041474660483
