ID,TF,AUA,FFR
cbae3e0f,824,3237,0.9945992600244462
9ca1d750,699,2672,2.1107010595008253
34a5cfc7,429,2701,0.5699710140634808
4a8b3dd7,549,1504,2.9323101688142468
eb687425,924,2442,1.4269053090424375
