ID,TF,AUA,FFR
c019b38e,378,3314,2.1106138480902272
784154c1,902,2463,1.8601369878231386
3963b297,980,2515,1.904036688300332
3368823d,917,3638,0.5364917690386597
fe3d8159,86,3460,2.22138847965955
3c15a857,903,2168,0.2843150133358402
b2c435b4,198,3526,0.6737715221846405
b9b62062,367,3037,0.7272326515446822
fe7c4723,606,3098,1.7451392927219747
ab265f14,458,2148,2.2723924914439277
