ID,TF,AUA,FFR
394630a3,884,1167,0.4220320259867384
d21d92a4,287,2930,2.633994344867897
fd5f907e,568,534,0.6850964271848128
5d7d88cf,36,885,0.32107283509109463
6d795bde,938,3374,2.2144761877916688
