ID,TF,AUA,FFR
cbe79e6b,973,98,0.5082961387921049
19cfd31d,708,2864,2.330021494134224
afd6ee70,177,2134,1.7779892424874029
1ea050ba,894,2016,1.4716896491657314
2919c96c,1,2071,1.6199846165728782
