ID,TF,AUA,FFR
6ee1cd74,886,706,1.2560827318574939
94177f47,576,1543,0.8145623193826416
105d650a,887,3090,2.9635580944060194
b21a128d,174,3594,1.5416540624701804
e5f2f1ec,204,2353,0.07103366658495203
