ID,TF,AUA,FFR
34093729,937,96,1.1412248996841803
08346336,514,137,2.5827684934714163
e6ec8db2,529,1493,1.1464423222134372
216d5258,207,3571,0.5233002299420431
1ee9b3c2,902,1145,2.7193012554785008
