ID,TF,AUA,FFR
37a003dc,102,938,2.3901301727350353
ee014ec9,51,817,0.7768272403642
2c490156,664,1520,1.9690109591232674
99f02b0d,18,1463,0.9683833730196527
39034a95,961,2578,0.20321539255414822
