ID,TF,AUA,FFR
c0c17af7,988,223,1.4664959202606787
876abae5,38,2857,0.5553694941430766
3e030cb8,501,851,0.1147014502676097
12fc47ea,837,942,0.6593264556229237
ddc85560,135,2665,1.2976344634741892
fcf30d16,741,1742,2.1819714717575946
f5fa0edf,921,3227,2.519832913211827
7d1ae308,228,1818,1.0015235423288986
2a65a594,593,1613,2.7397842892174475
79c2029f,120,363,1.8837166205712799
