ID,TF,AUA,FFR
8f7309a5,244,349,2.5968629962774537
7f315955,249,1886,0.4945460572428634
537bf062,74,1881,0.5266884456996881
70f7d22d,927,319,0.4587960869822193
baf1f392,330,636,0.498780014674265
a90e3375,309,294,1.5648832720303023
494f787e,334,2173,2.29375727617744
d97c6114,564,36,1.3910050510100416
f650aac5,861,140,2.372912538912663
ba5910d2,781,1163,1.6733806405740803
