ID,TF,AUA,FFR
b6bce50e,958,286,0.41513390003686024
63a99fa6,437,3180,2.172911192301501
5380fb81,635,2217,2.9211915651548668
