ID,TF,AUA,FFR
5f188c9a,222,302,0.9375290075166747
84229170,50,2338,1.1869117205048652
035cfa50,951,1148,1.5218961309379242
32ad2b98,846,3435,2.914125869615704
e01ccd3b,598,2123,1.2906988423135684
2cfa2d6c,251,3636,0.8692154539728273
b3757431,146,1254,2.3160083167706107
57180e41,342,813,2.3880982502286865
dad31349,625,2671,0.10591521742871479
5c7b1616,497,1106,0.9837679579050895
