ID,TF,AUA,FFR
6e4c6067,567,2919,1.524710422307353
1570bea6,872,2422,0.25561740051726456
4e008d57,477,3271,0.9600786663885704
8dfaf931,189,936,1.3526452993592017
17963588,209,1552,0.3535640445013233
