ID,TF,AUA,FFR
2a086ec3,89,95,1.2638585781805862
5e62714a,138,2819,1.4778539875609382
1e7386de,458,3632,1.2000621582488153
be8e92ee,950,3111,2.188129280697273
620f6d87,553,3293,0.5845223406070069
04fc1299,207,825,2.3130989718091497
43f8808a,811,2808,0.3072707347859077
e29fff57,940,2336,0.9669118702087943
fb2e5d57,341,634,0.004286029962173643
11967472,327,3474,1.601441598928017
